<?xml version="1.0"?> 
<command name="TPM_NV_DefineSpace" tag="00C1" paramSize="00000065" ordinal="000000CC">
<tpm_nv_data_public>
    <tag>0018</tag>
    <nvIndex>50000003</nvIndex>
    <tpm_pcr_info_short name="pcrInfoRead">
        <tpm_pcr_selection>
            <sizeOfSelect>0003</sizeOfSelect>
            <pcrSelect num="0">00</pcrSelect>
            <pcrSelect num="1">00</pcrSelect>
            <pcrSelect num="2">00</pcrSelect>
        </tpm_pcr_selection>
        <localityAtRelease>1F</localityAtRelease>
        <digestAtRelease>0000000000000000000000000000000000000000</digestAtRelease>
    </tpm_pcr_info_short>
    <tpm_pcr_info_short name="pcrInfoWrite">
        <tpm_pcr_selection>
            <sizeOfSelect>0003</sizeOfSelect>
            <pcrSelect num="0">00</pcrSelect>
            <pcrSelect num="1">00</pcrSelect>
            <pcrSelect num="2">00</pcrSelect>
        </tpm_pcr_selection>
        <localityAtRelease>18</localityAtRelease>
        <digestAtRelease>0000000000000000000000000000000000000000</digestAtRelease>
    </tpm_pcr_info_short>
    <tpm_nv_attributes>
        <tag>0017</tag>
        <attributes>00000000</attributes>
    </tpm_nv_attributes>
    <bReadSTClear>00</bReadSTClear>
    <bWriteSTClear>00</bWriteSTClear>
    <bWriteDefine>00</bWriteDefine>
    <dataSize>00000040</dataSize>
</tpm_nv_data_public>
</command>
