<?xml version="1.0"?> 
<command name="TPM_NV_WriteValue" tag="00C1" paramSize="0000004C" ordinal="000000CD">
<nvIndex>50000001</nvIndex>
<offset>00000000</offset>
<dataSize>00000036</dataSize>
<data name="lcp_policy">
<Version>0202</Version>
    <HashAlg>00</HashAlg>
    <PolicyType>01</PolicyType>
    <SINITMinVersion>00</SINITMinVersion>
    <Reserved>00</Reserved>
    <DataRevocationCounters>00000000000000000000000000000000</DataRevocationCounters>
    <PolicyControl>00000002</PolicyControl>
    <Reserved2>0000000000000000</Reserved2>
    <PolicyHash>0102030405060708091011121314151617181920</PolicyHash>
</data>
</command>